30-08-2013,-,10.0799,9.8078,9.8311,-,10.0755,10.0762,10.0013,10.0000
29-08-2013,-,10.0768,9.7199,9.8519,-,10.0729,10.0730,9.9981,10.0000
28-08-2013,-,10.0740,9.5266,9.7610,-,10.0702,10.0703,9.9982,10.0000
27-08-2013,-,10.0715,9.4822,9.8280,-,10.0679,10.0680,9.9983,10.0000
26-08-2013,-,10.0688,9.7472,9.9704,-,10.0653,10.0653,9.9984,10.0000
23-08-2013,-,10.0604,9.7404,9.9873,-,10.0570,10.0571,9.9985,10.0000
22-08-2013,-,10.0575,9.6436,10.0288,-,10.0541,10.0542,9.9986,10.0000
21-08-2013,-,10.0538,9.4795,9.9392,-,10.0502,10.0503,9.9987,10.0000
20-08-2013,-,10.0508,9.6369,9.7759,-,10.0473,10.0473,9.9987,10.0000
19-08-2013,-,10.0483,9.6526,9.6357,-,10.0450,10.0450,9.9988,10.0000
16-08-2013,-,10.0405,9.8218,9.8078,-,10.0375,10.0376,9.9990,10.0000
14-08-2013,-,10.0348,10.2108,9.9466,-,10.0319,10.0320,9.9991,10.0000
13-08-2013,-,10.0318,10.1212,9.9756,-,10.0289,10.0290,9.9991,10.0000
12-08-2013,-,10.0310,9.9810,10.0263,-,10.0274,10.0274,9.9992,10.0000
09-08-2013,-,10.0310,9.9810,10.0263,-,10.0274,10.0274,9.9992,10.0000
08-08-2013,-,10.0204,10.0204,10.0167,-,10.0167,10.0167,9.9995,10.0000
07-08-2013,-,10.0176,10.0176,10.0135,-,10.0135,10.0135,9.9995,10.0000
06-08-2013,-,10.0150,10.0150,10.0109,-,10.0109,10.0109,9.9996,10.0000
05-08-2013,-,10.0113,10.0113,10.0079,-,10.0079,10.0080,9.9996,10.0000
02-08-2013,-,10.0028,10.0028,9.9998,-,9.9998,9.9998,9.9999,10.0000
01-08-2013,-,9.9999,9.9999,9.9999,-,9.9999,9.9999,9.9999,10.0000
30-09-2013,-,10.1793,10.2513,9.8466,-,10.1611,10.1651,10.0886,10.0000
27-09-2013,-,10.1700,10.4069,9.8544,-,10.1529,10.1569,10.0806,10.0000
26-09-2013,-,10.1656,10.4873,9.8475,-,10.1502,10.1541,10.0779,10.0000
25-09-2013,-,10.1599,10.4806,9.7897,-,10.1469,10.1508,10.0747,10.0000
24-09-2013,-,10.1522,10.4987,9.7963,-,10.1442,10.1481,10.0721,10.0000
23-09-2013,-,10.1558,10.4979,9.8144,-,10.1415,10.1454,10.0694,10.0000
20-09-2013,-,10.1665,10.7015,9.9699,-,10.1331,10.1369,10.0611,10.0000
19-09-2013,-,10.1749,10.8698,10.2041,-,10.1300,10.1338,10.0582,10.0000
18-09-2013,-,10.1504,10.4894,10.0510,-,10.1270,10.1308,10.0553,10.0000
17-09-2013,-,10.1378,10.3991,10.0015,-,10.1242,10.1279,10.0524,10.0000
16-09-2013,-,10.2061,10.3738,9.9923,-,10.1212,10.1250,10.0496,10.0000
13-09-2013,-,10.0977,10.4222,9.9682,-,10.1127,10.1165,10.0412,10.0000
12-09-2013,-,10.0994,10.4124,9.9680,-,10.1099,10.1137,10.0385,10.0000
11-09-2013,-,10.0999,10.5215,9.9992,-,10.1071,10.1110,10.0358,10.0000
10-09-2013,-,10.0902,10.4955,9.9984,-,10.1039,10.1078,10.0326,10.0000
06-09-2013,-,10.0792,10.1554,9.9528,-,10.0928,10.0968,10.0217,10.0000
05-09-2013,-,10.0971,10.0099,10.0142,-,10.0900,10.0941,10.0190,10.0000
04-09-2013,-,10.0938,9.8060,9.9809,-,10.0873,10.0907,10.0157,10.0000
03-09-2013,-,10.0908,9.6214,9.9173,-,10.0848,10.0877,10.0127,10.0000
02-09-2013,-,10.0884,9.9385,9.9352,-,10.0825,10.0848,10.0098,10.0000
31-10-2013,-,10.2823,11.2304,10.0689,-,10.2450,10.2492,10.1695,10.0000
30-10-2013,-,10.2800,11.1370,10.0861,-,10.2424,10.2466,10.1669,10.0000
29-10-2013,-,10.2782,11.0792,10.0771,-,10.2397,10.2439,10.1643,10.0000
28-10-2013,-,10.2707,10.8748,10.0088,-,10.2370,10.2412,10.1617,10.0000
25-10-2013,-,10.2634,10.9612,10.0415,-,10.2292,10.2334,10.1539,10.0000
24-10-2013,-,10.2569,10.9962,10.0384,-,10.2265,10.2308,10.1513,10.0000
23-10-2013,-,10.2564,11.0314,10.0138,-,10.2239,10.2281,10.1487,10.0000
22-10-2013,-,10.2539,11.0712,10.0244,-,10.2213,10.2255,10.1461,10.0000
21-10-2013,-,10.2529,11.0671,10.0243,-,10.2186,10.2229,10.1436,10.0000
18-10-2013,-,10.2469,11.0251,10.0475,-,10.2107,10.2149,10.1357,10.0000
17-10-2013,-,10.2390,10.7798,10.0178,-,10.2080,10.2122,10.1331,10.0000
15-10-2013,-,10.2299,10.8503,9.9688,-,10.2028,10.2070,10.1280,10.0000
14-10-2013,-,10.2326,10.8858,10.0317,-,10.2001,10.2042,10.1255,10.0000
11-10-2013,-,10.2294,10.8576,10.0858,-,10.1921,10.1962,10.1180,10.0000
10-10-2013,-,10.2298,10.7266,10.1348,-,10.1894,10.1935,10.1155,10.0000
09-10-2013,-,10.2242,10.6998,10.1191,-,10.1868,10.1909,10.1130,10.0000
08-10-2013,-,10.2232,10.5642,10.0919,-,10.1832,10.1873,10.1097,10.0000
07-10-2013,-,10.2033,10.5229,9.9597,-,10.1803,10.1844,10.1070,10.0000
04-10-2013,-,10.1947,10.5230,9.9764,-,10.1722,10.1762,10.0992,10.0000
03-10-2013,-,10.1865,10.5300,9.9321,-,10.1695,10.1735,10.0966,10.0000
01-10-2013,-,10.1767,10.3081,9.8671,-,10.1640,10.1680,10.0914,10.0000
29-11-2013,-,10.3391,11.0227,10.0194,-,10.3183,10.3220,10.2334,10.0000
28-11-2013,-,10.3365,10.8728,10.0381,-,10.3158,10.3195,10.2498,10.0000
27-11-2013,-,10.3332,10.8070,10.0403,-,10.3133,10.3170,10.2610,10.0000
26-11-2013,-,10.3314,10.8151,10.0072,-,10.3108,10.3145,10.2276,10.0000
25-11-2013,-,10.3282,10.9120,9.9795,-,10.3084,10.3127,10.2085,10.0000
22-11-2013,-,10.3190,10.7102,9.9695,-,10.3010,10.3054,10.1944,10.0000
21-11-2013,-,10.3157,10.7251,9.9828,-,10.2985,10.3029,10.2094,10.0000
20-11-2013,-,10.3137,10.9308,10.0025,-,10.2961,10.3004,10.2236,10.0000
19-11-2013,-,10.3110,11.0741,10.0145,-,10.2935,10.2978,10.2169,10.0000
18-11-2013,-,10.3066,11.0422,9.9694,-,10.2910,10.2953,10.2144,10.0000
14-11-2013,-,10.2948,10.8169,9.9388,-,10.2811,10.2853,10.2047,10.0000
13-11-2013,-,10.2974,10.7031,9.9698,-,10.2785,10.2827,10.2021,10.0000
12-11-2013,-,10.2898,10.7457,9.8764,-,10.2760,10.2802,10.1998,10.0000
11-11-2013,-,10.2915,10.8511,9.9288,-,10.2734,10.2776,10.1972,10.0000
08-11-2013,-,10.2906,10.9785,9.9025,-,10.2659,10.2701,10.1900,10.0000
07-11-2013,-,10.2929,11.0374,9.9673,-,10.2633,10.2676,10.1875,10.0000
06-11-2013,-,10.2928,11.0901,9.9966,-,10.2607,10.2650,10.1849,10.0000
05-11-2013,-,10.2943,11.1473,10.0349,-,10.2580,10.2622,10.1822,10.0000
01-11-2013,-,10.2857,11.2471,10.0377,-,10.2476,10.2518,10.1721,10.0000
31-12-2013,-,10.4703,11.2882,10.0338,-,10.3966,10.4000,10.3417,10.0000
30-12-2013,-,10.4424,11.2620,9.9998,-,10.3948,10.3980,10.3117,10.0000
27-12-2013,-,10.4047,11.3103,9.9597,-,10.3875,10.3907,10.2799,10.0000
26-12-2013,-,10.4139,11.2536,9.9787,-,10.3850,10.3882,10.2884,10.0000
24-12-2013,-,10.4495,11.2411,9.9829,-,10.3801,10.3833,10.2878,10.0000
23-12-2013,-,10.4413,11.2610,9.9991,-,10.3777,10.3809,10.2964,10.0000
20-12-2013,-,10.4407,11.2334,10.0088,-,10.3703,10.3735,10.2897,10.0000
19-12-2013,-,10.4236,11.0509,10.0259,-,10.3679,10.3710,10.2838,10.0000
18-12-2013,-,10.4126,11.1280,9.9660,-,10.3654,10.3686,10.2340,10.0000
17-12-2013,-,10.4094,10.9929,9.8898,-,10.3629,10.3661,10.1633,10.0000
16-12-2013,-,10.4061,10.9935,9.9055,-,10.3605,10.3636,10.1756,10.0000
13-12-2013,-,10.4025,11.0128,9.8787,-,10.3531,10.3563,10.1586,10.0000
12-12-2013,-,10.4144,11.1294,9.9220,-,10.3506,10.3538,10.1826,10.0000
11-12-2013,-,10.4065,11.2649,9.9265,-,10.3480,10.3512,10.1840,10.0000
10-12-2013,-,10.3428,11.3153,9.9404,-,10.3456,10.3487,10.1869,10.0000
09-12-2013,-,10.3420,11.3623,9.9287,-,10.3432,10.3462,10.1871,10.0000
06-12-2013,-,10.3516,11.1730,9.9654,-,10.3358,10.3388,10.1913,10.0000
05-12-2013,-,10.3470,11.1256,10.0102,-,10.3332,10.3363,10.2139,10.0000
04-12-2013,-,10.3413,11.0036,10.0121,-,10.3308,10.3345,10.2237,10.0000
03-12-2013,-,10.3403,11.0771,10.0255,-,10.3283,10.3320,10.2397,10.0000
02-12-2013,-,10.3393,11.1015,10.0303,-,10.3257,10.3294,10.2505,10.0000
31-01-2014,-,10.5083,10.9189,10.1330,-,10.4724,10.4757,10.4245,10.0000
30-01-2014,-,10.5221,10.8721,10.1295,-,10.4700,10.4733,10.4058,10.0000
29-01-2014,-,10.5467,10.9503,10.1711,-,10.4677,10.4710,10.4448,10.0000
28-01-2014,-,10.5407,10.9561,10.1964,-,10.4652,10.4685,10.4645,10.0000
27-01-2014,-,10.5609,10.9703,10.2098,-,10.4628,10.4661,10.4763,10.0000
24-01-2014,-,10.5702,11.1779,10.2335,-,10.4555,10.4588,10.4926,10.0000
23-01-2014,-,10.5770,11.3070,10.2923,-,10.4532,10.4565,10.5605,10.0000
22-01-2014,-,10.5712,11.3026,10.3061,-,10.4507,10.4540,10.5876,10.0000
21-01-2014,-,10.5910,11.2564,10.3273,-,10.4483,10.4516,10.6033,10.0000
20-01-2014,-,10.5726,11.2422,10.3490,-,10.4458,10.4491,10.6369,10.0000
17-01-2014,-,10.5113,11.1677,10.2797,-,10.4384,10.4417,10.5484,10.0000
16-01-2014,-,10.5406,11.2546,10.2878,-,10.4359,10.4393,10.5698,10.0000
15-01-2014,-,10.5304,11.2589,10.2528,-,10.4335,10.4369,10.5323,10.0000
13-01-2014,-,10.5149,11.1844,10.1787,-,10.4286,10.4320,10.4614,10.0000
10-01-2014,-,10.4903,11.0083,10.1278,-,10.4213,10.4247,10.4213,10.0000
09-01-2014,-,10.4841,11.0083,10.0984,-,10.4189,10.4223,10.4014,10.0000
08-01-2014,-,10.4831,11.0182,10.0761,-,10.4165,10.4198,10.3674,10.0000
07-01-2014,-,10.4912,11.0021,10.0768,-,10.4140,10.4174,10.3718,10.0000
06-01-2014,-,10.4744,11.0576,10.0751,-,10.4116,10.4150,10.3686,10.0000
03-01-2014,-,10.4704,11.0990,10.0295,-,10.4042,10.4076,10.3300,10.0000
02-01-2014,-,10.4739,11.1231,10.0267,-,10.4018,10.4051,10.3250,10.0000
01-01-2014,-,10.4495,11.2861,10.0255,-,10.3992,10.4026,10.3280,10.0000
28-02-2014,-,10.5493,11.2462,10.1611,-,10.5390,10.5425,10.4169,10.0000
26-02-2014,-,10.5306,11.1779,10.1169,-,10.5342,10.5377,10.3827,10.0000
25-02-2014,-,10.5243,11.1108,10.1267,-,10.5318,10.5353,10.3911,10.0000
24-02-2014,-,10.5340,11.0864,10.1232,-,10.5295,10.5329,10.3868,10.0000
21-02-2014,-,10.5299,11.0329,10.1629,-,10.5223,10.5257,10.4236,10.0000
20-02-2014,-,10.5293,10.9191,10.1550,-,10.5199,10.5233,10.4210,10.0000
18-02-2014,-,10.5528,10.9823,10.1533,-,10.5151,10.5186,10.4210,10.0000
17-02-2014,-,10.5527,10.8895,10.1385,-,10.5127,10.5162,10.3970,10.0000
14-02-2014,-,10.5211,10.8431,10.1319,-,10.5056,10.5090,10.3929,10.0000
13-02-2014,-,10.5354,10.7597,10.1072,-,10.5032,10.5066,10.3670,10.0000
12-02-2014,-,10.5383,10.9069,10.1308,-,10.5008,10.5042,10.3932,10.0000
11-02-2014,-,10.5503,10.8730,10.1828,-,10.4984,10.5018,10.4590,10.0000
10-02-2014,-,10.5586,10.8579,10.2178,-,10.4960,10.4994,10.4901,10.0000
07-02-2014,-,10.5490,10.8735,10.1949,-,10.4889,10.4923,10.4629,10.0000
06-02-2014,-,10.5471,10.8266,10.2029,-,10.4866,10.4899,10.4653,10.0000
05-02-2014,-,10.5564,10.8024,10.1971,-,10.4842,10.4876,10.4720,10.0000
04-02-2014,-,10.5265,10.7688,10.2044,-,10.4818,10.4852,10.4926,10.0000
03-02-2014,-,10.5135,10.7700,10.1544,-,10.4795,10.4828,10.4473,10.0000
28-03-2014,-,10.7002,11.9990,10.3277,-,10.6116,10.7929,10.5917,10.0000
27-03-2014,-,10.6817,11.9002,10.3198,-,10.6087,10.7095,10.5796,10.0000
26-03-2014,-,10.6989,11.8258,10.3249,-,10.6058,10.6449,10.5914,10.0000
25-03-2014,-,10.6739,11.8057,10.3164,-,10.6032,10.6268,10.5814,10.0000
24-03-2014,-,10.6615,11.7943,10.3185,-,10.6003,10.6148,10.5852,10.0000
21-03-2014,-,10.6368,11.6324,10.3025,-,10.5922,10.5959,10.5678,10.0000
20-03-2014,-,10.6031,11.6142,10.2833,-,10.5895,10.5932,10.5405,10.0000
19-03-2014,-,10.6077,11.6872,10.2898,-,10.5869,10.5906,10.5570,10.0000
18-03-2014,-,10.5907,11.6745,10.2728,-,10.5842,10.5879,10.5363,10.0000
14-03-2014,-,10.5806,11.6539,10.2548,-,10.5738,10.5774,10.5115,10.0000
13-03-2014,-,10.5984,11.6346,10.2669,-,10.5713,10.5749,10.5278,10.0000
12-03-2014,-,10.5941,11.6791,10.2678,-,10.5687,10.5723,10.5302,10.0000
11-03-2014,-,10.5832,11.6695,10.2616,-,10.5661,10.5697,10.5176,10.0000
10-03-2014,-,10.5731,11.7120,10.2247,-,10.5635,10.5671,10.4837,10.0000
07-03-2014,-,10.5636,11.6958,10.2020,-,10.5561,10.5596,10.4590,10.0000
06-03-2014,-,10.5699,11.4709,10.2025,-,10.5537,10.5571,10.4580,10.0000
05-03-2014,-,10.5438,11.3389,10.1767,-,10.5512,10.5547,10.4304,10.0000
04-03-2014,-,10.5361,11.2847,10.1705,-,10.5487,10.5522,10.4315,10.0000
03-03-2014,-,10.5368,11.1494,10.1481,-,10.5463,10.5498,10.4090,10.0000
30-04-2014,-,10.8035,12.0154,10.4249,-,10.7017,10.8207,10.6968,10.0000
29-04-2014,-,10.8369,12.0493,10.4191,-,10.6991,10.8420,10.6918,10.0000
28-04-2014,-,10.7985,12.1306,10.3966,-,10.6966,10.8947,10.6644,10.0000
25-04-2014,-,10.7739,12.1688,10.3824,-,10.6890,10.9180,10.6523,10.0000
23-04-2014,-,10.7977,12.2722,10.3887,-,10.6837,10.9839,10.6590,10.0000
22-04-2014,-,10.7254,12.2341,10.3914,-,10.6812,10.9528,10.6618,10.0000
21-04-2014,-,10.7713,12.2372,10.3655,-,10.6786,10.9545,10.6378,10.0000
17-04-2014,-,10.6871,12.1689,10.3255,-,10.6682,10.9060,10.5942,10.0000
16-04-2014,-,10.6730,11.9856,10.2654,-,10.6656,10.7795,10.5304,10.0000
15-04-2014,-,10.6643,12.0879,10.2612,-,10.6629,10.8493,10.5297,10.0000
11-04-2014,-,10.6530,12.1618,10.2418,-,10.6528,10.8986,10.5185,10.0000
10-04-2014,-,10.6242,12.1970,10.2044,-,10.6501,10.9216,10.4754,10.0000
09-04-2014,-,10.6310,12.1964,10.1853,-,10.6475,10.9214,10.4562,10.0000
07-04-2014,-,10.6348,12.0120,10.1566,-,10.6422,10.7953,10.4217,10.0000
04-04-2014,-,10.6463,12.0022,10.1586,-,10.6343,10.7937,10.4224,10.0000
03-04-2014,-,10.6913,12.0728,10.2022,-,10.6311,10.8567,10.4602,10.0000
02-04-2014,-,10.6755,12.1016,10.2337,-,10.6284,10.8800,10.4879,10.0000
30-05-2014,-,10.9912,12.9666,10.7118,-,10.7779,11.4162,10.9977,10.0000
29-05-2014,-,10.9934,12.9762,10.6740,-,10.7754,11.4190,10.9562,10.0000
28-05-2014,-,10.9707,13.1313,10.6499,-,10.7729,11.4938,10.9297,10.0000
27-05-2014,-,10.9866,13.1095,10.6457,-,10.7704,11.4823,10.9238,10.0000
26-05-2014,-,10.9703,13.1824,10.6242,-,10.7679,11.5159,10.9013,10.0000
23-05-2014,-,10.9721,13.2001,10.6420,-,10.7603,11.5192,10.9217,10.0000
22-05-2014,-,10.9198,13.0436,10.5929,-,10.7578,11.4364,10.8680,10.0000
21-05-2014,-,10.9258,13.0024,10.5630,-,10.7552,11.4136,10.8328,10.0000
20-05-2014,-,10.9121,13.0405,10.5213,-,10.7526,11.4311,10.7857,10.0000
19-05-2014,-,10.9064,13.0149,10.5067,-,10.7501,11.4181,10.7694,10.0000
16-05-2014,-,10.9036,12.9132,10.4961,-,10.7425,11.3572,10.7613,10.0000
15-05-2014,-,10.8881,12.7711,10.5052,-,10.7399,11.2728,10.7730,10.0000
13-05-2014,-,10.8854,12.7464,10.4924,-,10.7348,11.2576,10.7625,10.0000
12-05-2014,-,10.8634,12.5769,10.5098,-,10.7322,11.1597,10.7814,10.0000
09-05-2014,-,10.8655,12.2982,10.4985,-,10.7246,10.9941,10.7733,10.0000
08-05-2014,-,10.8774,11.9461,10.4827,-,10.7221,10.7830,10.7570,10.0000
07-05-2014,-,10.8315,11.9332,10.4676,-,10.7195,10.7740,10.7397,10.0000
06-05-2014,-,10.8347,12.0470,10.4791,-,10.7169,10.8456,10.7505,10.0000
05-05-2014,-,10.8497,12.0193,10.4905,-,10.7144,10.8266,10.7664,10.0000
02-05-2014,-,10.8186,12.0121,10.4440,-,10.7067,10.8201,10.7169,10.0000
30-06-2014,-,11.1147,13.6984,10.7789,-,10.8550,11.8346,11.0554,10.0000
27-06-2014,-,11.1192,13.5150,10.7704,-,10.8474,11.6890,11.0464,10.0000
26-06-2014,-,11.1092,13.4862,10.7849,-,10.8449,11.6673,11.0620,10.0000
25-06-2014,-,11.1055,13.6221,10.7930,-,10.8425,11.7757,11.0687,10.0000
24-06-2014,-,11.1059,13.6415,10.7912,-,10.8400,11.7911,11.0681,10.0000
23-06-2014,-,11.0984,13.4893,10.7574,-,10.8376,11.6674,11.0316,10.0000
20-06-2014,-,11.1004,13.5211,10.7830,-,10.8302,11.6927,11.0567,10.0000
19-06-2014,-,11.1253,13.5728,10.8106,-,10.8277,11.7382,11.0879,10.0000
18-06-2014,-,11.1289,13.6040,10.8266,-,10.8252,11.7648,11.1016,10.0000
17-06-2014,-,11.1291,13.7357,10.8629,-,10.8227,11.8770,11.1432,10.0000
16-06-2014,-,11.1309,13.5593,10.8384,-,10.8202,11.7234,11.1154,10.0000
13-06-2014,-,11.1489,13.5725,10.8582,-,10.8129,11.7259,11.1365,10.0000
12-06-2014,-,11.1282,13.7633,10.8856,-,10.8104,11.8083,11.1661,10.0000
11-06-2014,-,11.1361,13.7182,10.8941,-,10.8079,11.7860,11.1770,10.0000
10-06-2014,-,11.1375,13.7677,10.8855,-,10.8055,11.8075,11.1659,10.0000
09-06-2014,-,11.1234,13.7643,10.8908,-,10.8030,11.8030,11.1731,10.0000
06-06-2014,-,11.1176,13.6384,10.9064,-,10.7955,11.7406,11.1922,10.0000
05-06-2014,-,11.0826,13.4367,10.8661,-,10.7930,11.6467,11.1536,10.0000
04-06-2014,-,11.0787,13.2874,10.8043,-,10.7905,11.5750,11.0875,10.0000
03-06-2014,-,11.0569,13.3128,10.7744,-,10.7880,11.5860,11.0606,10.0000
02-06-2014,-,11.0208,13.1999,10.7219,-,10.7855,11.5324,11.0038,10.0000
31-07-2014,-,11.1626,13.9547,10.8862,-,10.9320,12.0207,11.1660,10.0000
30-07-2014,-,11.1664,14.0809,10.8775,-,10.9296,12.1049,11.1566,10.0000
28-07-2014,-,11.1623,14.0062,10.8918,-,10.9247,12.0520,11.1716,10.0000
25-07-2014,-,11.1613,14.0670,10.9087,-,10.9173,12.0922,11.1899,10.0000
24-07-2014,-,11.1635,14.1371,10.9298,-,10.9149,12.1388,11.2125,10.0000
23-07-2014,-,11.1446,14.0747,10.9184,-,10.9124,12.0955,11.2021,10.0000
22-07-2014,-,11.1414,14.0230,10.8953,-,10.9099,12.0610,11.1783,10.0000
21-07-2014,-,11.1107,13.8742,10.8756,-,10.9074,11.9586,11.1595,10.0000
18-07-2014,-,11.1100,13.8374,10.8306,-,10.9000,11.9304,11.1098,10.0000
17-07-2014,-,11.0976,13.7961,10.8470,-,10.8976,11.9012,11.1283,10.0000
16-07-2014,-,11.0962,13.7618,10.8335,-,10.8951,11.8758,11.1152,10.0000
15-07-2014,-,11.0743,13.5855,10.8254,-,10.8926,11.7519,11.1063,10.0000
14-07-2014,-,11.0730,13.4577,10.7852,-,10.8901,11.6595,11.0655,10.0000
11-07-2014,-,11.0972,13.4636,10.7928,-,10.8826,11.6624,11.0713,10.0000
10-07-2014,-,11.1554,13.6552,10.8045,-,10.8801,11.8018,11.0846,10.0000
09-07-2014,-,11.1543,13.6866,10.8192,-,10.8776,11.8235,11.1005,10.0000
08-07-2014,-,11.1436,13.7512,10.8221,-,10.8751,11.8697,11.1041,10.0000
07-07-2014,-,11.1559,14.0455,10.8432,-,10.8726,12.0832,11.1258,10.0000
04-07-2014,-,11.1351,13.9752,10.8504,-,10.8652,12.0365,11.1329,10.0000
03-07-2014,-,11.1319,13.8932,10.8456,-,10.8627,11.9786,11.1273,10.0000
02-07-2014,-,11.1363,13.9045,10.8371,-,10.8601,11.9864,11.1199,10.0000
01-07-2014,-,11.1130,13.7421,10.7899,-,10.8575,11.8664,11.0666,10.0000
28-08-2014,-,11.2024,14.3903,10.9178,-,11.0039,12.3363,11.2045,10.0000
27-08-2014,-,11.1979,14.3577,10.9184,-,11.0014,12.3088,11.2035,10.0000
26-08-2014,-,11.2005,14.2995,10.9078,-,10.9988,12.2578,11.1907,10.0000
25-08-2014,-,11.1925,14.3023,10.9066,-,10.9962,12.2506,11.1886,10.0000
22-08-2014,-,11.1964,14.3168,10.9300,-,10.9885,12.2569,11.2143,10.0000
21-08-2014,-,11.1929,14.2774,10.9271,-,10.9860,12.2315,11.2126,10.0000
20-08-2014,-,11.1830,14.2466,10.9303,-,10.9834,12.2128,11.2183,10.0000
19-08-2014,-,11.1833,14.2858,10.8817,-,10.9809,12.2356,11.1669,10.0000
14-08-2014,-,11.1629,14.0967,10.8652,-,10.9681,12.1135,11.1528,10.0000
13-08-2014,-,11.1632,14.0011,10.8238,-,10.9656,12.0535,11.1085,10.0000
12-08-2014,-,11.1532,13.9696,10.7873,-,10.9630,12.0338,11.0683,10.0000
11-08-2014,-,11.1515,13.7869,10.7949,-,10.9604,11.9176,11.0790,10.0000
08-08-2014,-,11.1360,13.6868,10.7647,-,10.9524,11.8492,11.0498,10.0000
07-08-2014,-,11.1355,13.8273,10.7695,-,10.9497,11.9407,11.0514,10.0000
06-08-2014,-,11.1484,13.8675,10.7616,-,10.9472,11.9665,11.0439,10.0000
05-08-2014,-,11.1534,14.0021,10.7988,-,10.9447,12.0541,11.0772,10.0000
04-08-2014,-,11.1757,13.8871,10.8770,-,10.9421,11.9769,11.1567,10.0000
01-08-2014,-,11.1580,13.7409,10.8688,-,10.9346,11.8786,11.1494,10.0000
30-09-2014,-,11.3736,14.4209,11.0592,-,11.0899,12.3765,11.3463,10.0000
29-09-2014,-,11.3769,14.4111,11.0732,-,11.0873,12.3685,11.3597,10.0000
26-09-2014,-,11.3752,14.4302,11.0956,-,11.0793,12.3814,11.3843,10.0000
25-09-2014,-,11.3502,14.3246,11.0669,-,11.0767,12.3026,11.3539,10.0000
24-09-2014,-,11.3429,14.4868,11.0718,-,11.0741,12.4268,11.3568,10.0000
23-09-2014,-,11.3406,14.5138,11.0715,-,11.0714,12.4479,11.3567,10.0000
22-09-2014,-,11.3350,14.7455,11.0871,-,11.0688,12.6248,11.3742,10.0000
19-09-2014,-,11.3040,14.6979,11.0673,-,11.0609,12.5884,11.3533,10.0000
18-09-2014,-,11.2996,14.6871,11.0643,-,11.0583,12.5804,11.3523,10.0000
17-09-2014,-,11.2822,14.4371,11.0195,-,11.0557,12.3875,11.3080,10.0000
16-09-2014,-,11.2686,14.3601,11.0097,-,11.0531,12.3276,11.2979,10.0000
15-09-2014,-,11.2727,14.5566,11.0017,-,11.0504,12.4799,11.2895,10.0000
12-09-2014,-,11.2579,14.6714,10.9900,-,11.0426,12.5682,11.2777,10.0000
11-09-2014,-,11.2701,14.6361,10.9806,-,11.0401,12.5406,11.2681,10.0000
10-09-2014,-,11.2477,14.6501,10.9561,-,11.0375,12.5514,11.2427,10.0000
09-09-2014,-,11.2483,14.7549,10.9688,-,11.0349,12.6354,11.2562,10.0000
08-09-2014,-,11.2481,14.7928,10.9747,-,11.0323,12.6656,11.2624,10.0000
05-09-2014,-,11.2335,14.6336,10.9543,-,11.0246,12.5375,11.2403,10.0000
04-09-2014,-,11.2362,14.6475,10.9454,-,11.0220,12.5481,11.2315,10.0000
03-09-2014,-,11.2356,14.6781,10.9474,-,11.0194,12.5742,11.2335,10.0000
02-09-2014,-,11.2266,14.6214,10.9379,-,11.0168,12.5278,11.2267,10.0000
01-09-2014,-,11.2217,14.5213,10.9279,-,11.0142,12.4466,11.2140,10.0000
31-10-2014,-,11.6456,15.0766,11.4593,-,11.1696,12.8586,11.7390,10.0000
30-10-2014,-,11.6066,14.7986,11.4103,-,11.1669,12.6599,11.6962,10.0000
29-10-2014,-,11.5790,14.6560,11.3714,-,11.1642,12.5581,11.6590,10.0000
28-10-2014,-,11.5653,14.5405,11.3613,-,11.1616,12.4756,11.6489,10.0000
27-10-2014,-,11.5793,14.4758,11.3399,-,11.1589,12.4289,11.6308,10.0000
22-10-2014,-,11.5479,14.4833,11.2878,-,11.1456,12.4316,11.5781,10.0000
21-10-2014,-,11.5464,14.3604,11.2703,-,11.1430,12.3423,11.5605,10.0000
20-10-2014,-,11.5342,14.2724,11.2580,-,11.1403,12.2786,11.5495,10.0000
17-10-2014,-,11.5180,14.0929,11.2244,-,11.1324,12.1468,11.5145,10.0000
16-10-2014,-,11.5188,14.0373,11.2269,-,11.1298,12.1038,11.5175,10.0000
14-10-2014,-,11.4939,14.2376,11.1898,-,11.1245,12.2496,11.4799,10.0000
13-10-2014,-,11.4656,14.2745,11.1641,-,11.1219,12.2756,11.4537,10.0000
10-10-2014,-,11.4450,14.2294,11.1334,-,11.1140,12.2427,11.4226,10.0000
09-10-2014,-,11.4299,14.4113,11.1228,-,11.1114,12.3739,11.4114,10.0000
08-10-2014,-,11.4016,14.2012,11.1584,-,11.1087,12.2145,11.4494,10.0000
07-10-2014,-,11.3956,14.2182,11.1217,-,11.1087,12.2267,11.4104,10.0000
01-10-2014,-,11.3838,14.3869,11.0852,-,11.0927,12.3506,11.3733,10.0000
28-11-2014,-,11.8291,15.5686,11.7122,-,11.2432,13.2401,11.9868,10.0000
27-11-2014,-,11.8228,15.3986,11.6471,-,11.2406,13.0979,11.9229,10.0000
26-11-2014,-,11.8213,15.3648,11.6441,-,11.2380,13.0692,11.9204,10.0000
25-11-2014,-,11.8146,15.3408,11.6368,-,11.2354,13.0495,11.9131,10.0000
24-11-2014,-,11.7998,15.4599,11.6292,-,11.2328,13.1507,11.9066,10.0000
21-11-2014,-,11.8049,15.3638,11.6128,-,11.2250,13.0669,11.8884,10.0000
20-11-2014,-,11.7922,15.2279,11.6099,-,11.2224,12.9707,11.8864,10.0000
19-11-2014,-,11.7884,15.1929,11.6086,-,11.2198,12.9477,11.8842,10.0000
18-11-2014,-,11.7783,15.2705,11.6095,-,11.2172,12.9992,11.8851,10.0000
17-11-2014,-,11.7697,15.2794,11.5863,-,11.2146,13.0035,11.8614,10.0000
14-11-2014,-,11.7479,15.2049,11.5468,-,11.2067,12.9521,11.8203,10.0000
13-11-2014,-,11.7362,15.1472,11.5639,-,11.2041,12.9123,11.8351,10.0000
12-11-2014,-,11.7299,15.1912,11.6012,-,11.2014,12.9418,11.8754,10.0000
11-11-2014,-,11.7126,15.1543,11.5824,-,11.1988,12.9164,11.8570,10.0000
10-11-2014,-,11.7547,15.1195,11.5896,-,11.1961,12.8929,11.8650,10.0000
07-11-2014,-,11.7362,15.1041,11.5599,-,11.1881,12.8833,11.8356,10.0000
05-11-2014,-,11.7258,15.1072,11.5695,-,11.1828,12.8832,11.8449,10.0000
03-11-2014,-,11.6819,15.0816,11.4931,-,11.1775,12.8639,11.7741,10.0000
31-12-2014,-,11.9435,15.0226,12.0056,-,11.3295,12.7979,12.2733,10.0000
30-12-2014,-,11.9077,14.9604,11.9857,-,11.3266,12.7522,12.2526,10.0000
29-12-2014,-,11.8667,14.9564,11.9390,-,11.3238,12.7491,12.2067,10.0000
26-12-2014,-,11.9047,14.8745,11.8985,-,11.3158,12.6868,12.1676,10.0000
24-12-2014,-,11.9140,14.8257,11.9213,-,11.3107,12.6511,12.1870,10.0000
23-12-2014,-,11.9131,14.9940,11.9372,-,11.3080,12.7711,12.2052,10.0000
22-12-2014,-,11.8947,15.0961,11.9148,-,11.3054,12.8447,12.1824,10.0000
19-12-2014,-,11.8930,14.9165,11.9251,-,11.2978,12.7100,12.1882,10.0000
18-12-2014,-,11.8877,14.8005,11.9585,-,11.2950,12.6190,12.2227,10.0000
17-12-2014,-,11.8665,14.5669,11.9256,-,11.2925,12.4415,12.1903,10.0000
16-12-2014,-,11.8936,14.6347,11.9171,-,11.2900,12.4933,12.1824,10.0000
15-12-2014,-,11.9610,14.9021,12.0629,-,11.2874,12.6982,12.3274,10.0000
12-12-2014,-,11.9402,14.9107,12.0643,-,11.2796,12.7045,12.3285,10.0000
11-12-2014,-,11.9406,15.0341,12.0235,-,11.2769,12.8002,12.2881,10.0000
10-12-2014,-,11.9127,15.1476,11.9593,-,11.2744,12.8889,12.2234,10.0000
09-12-2014,-,11.9483,15.1199,11.9585,-,11.2718,12.8672,12.2253,10.0000
08-12-2014,-,11.9102,15.2959,11.9219,-,11.2692,13.0106,12.1910,10.0000
05-12-2014,-,11.9200,15.4788,11.8939,-,11.2614,13.1613,12.1635,10.0000
04-12-2014,-,11.9177,15.5261,11.8566,-,11.2588,13.2011,12.1258,10.0000
03-12-2014,-,11.9262,15.4768,11.8547,-,11.2562,13.1617,12.1247,10.0000
02-12-2014,-,11.8901,15.4536,11.8440,-,11.2536,13.1423,12.1132,10.0000
01-12-2014,-,11.8605,15.5097,11.7530,-,11.2510,13.1904,12.0252,10.0000
30-01-2015,-,12.2130,15.9779,12.3222,-,11.4084,13.6259,12.5907,10.0000
29-01-2015,-,12.2087,16.2347,12.3014,-,11.4057,13.8267,12.5687,10.0000
28-01-2015,-,12.2110,16.1649,12.3007,-,11.4031,13.7733,12.5690,10.0000
27-01-2015,-,12.1945,16.1583,12.2928,-,11.4005,13.7678,12.5624,10.0000
23-01-2015,-,12.1831,16.0229,12.2819,-,11.3901,13.6582,12.5532,10.0000
22-01-2015,-,12.1890,15.8897,12.2708,-,11.3875,13.5515,12.5417,10.0000
21-01-2015,-,12.1802,15.8303,12.2771,-,11.3849,13.5033,12.5478,10.0000
20-01-2015,-,12.1703,15.7682,12.2237,-,11.3822,13.4552,12.4941,10.0000
19-01-2015,-,12.1782,15.5088,12.2050,-,11.3796,13.2456,12.4755,10.0000
16-01-2015,-,12.1550,15.4424,12.2151,-,11.3718,13.1902,12.4850,10.0000
15-01-2015,-,12.1105,15.4064,12.1793,-,11.3691,13.1613,12.4488,10.0000
14-01-2015,-,12.0486,15.0152,12.0758,-,11.3665,12.8362,12.3499,10.0000
13-01-2015,-,12.0427,15.0544,12.0750,-,11.3638,12.8700,12.3474,10.0000
12-01-2015,-,12.0122,15.0969,12.0331,-,11.3612,12.9059,12.3069,10.0000
09-01-2015,-,11.9808,15.0279,11.9927,-,11.3533,12.8473,12.2674,10.0000
08-01-2015,-,11.9614,14.9393,11.9842,-,11.3507,12.7718,12.2578,10.0000
07-01-2015,-,11.9604,14.6986,11.9767,-,11.3481,12.5659,12.2485,10.0000
06-01-2015,-,11.9418,14.7438,11.9425,-,11.3455,12.6019,12.2152,10.0000
05-01-2015,-,11.9658,15.1960,11.9510,-,11.3428,12.9228,12.2232,10.0000
02-01-2015,-,11.9513,15.2270,11.9616,-,11.3349,12.9438,12.2319,10.0000
01-01-2015,-,11.9614,15.0250,11.9831,-,11.3322,12.8000,12.2497,10.0000
27-02-2015,-,12.2637,16.0402,12.3793,-,11.4817,13.7313,12.6488,10.0000
26-02-2015,-,12.2477,15.7487,12.3630,-,11.4791,13.4829,12.6337,10.0000
25-02-2015,-,12.2396,15.8992,12.3770,-,11.4764,13.6110,12.6490,10.0000
24-02-2015,-,12.2099,15.8897,12.3682,-,11.4737,13.6023,12.6394,10.0000
23-02-2015,-,12.2083,15.8780,12.3800,-,11.4711,13.5911,12.6503,10.0000
20-02-2015,-,12.2058,16.0194,12.3781,-,11.4633,13.7084,12.6493,10.0000
18-02-2015,-,12.1872,16.0853,12.3637,-,11.4581,13.7627,12.6352,10.0000
16-02-2015,-,12.1830,15.9771,12.3634,-,11.4529,13.6698,12.6354,10.0000
13-02-2015,-,12.1999,15.9686,12.3688,-,11.4450,13.6623,12.6391,10.0000
12-02-2015,-,12.1844,15.7996,12.3222,-,11.4424,13.5172,12.5911,10.0000
11-02-2015,-,12.1593,15.6474,12.3398,-,11.4398,13.3874,12.6093,10.0000
10-02-2015,-,12.1830,15.5348,12.3489,-,11.4371,13.2915,12.6171,10.0000
09-02-2015,-,12.1737,15.4632,12.3446,-,11.4344,13.2300,12.6131,10.0000
06-02-2015,-,12.1941,15.7084,12.3531,-,11.4266,13.4251,12.6217,10.0000
05-02-2015,-,12.1926,15.8039,12.3450,-,11.4240,13.4945,12.6130,10.0000
04-02-2015,-,12.2047,15.8276,12.3273,-,11.4214,13.5113,12.5960,10.0000
03-02-2015,-,12.2221,15.8849,12.3347,-,11.4188,13.5546,12.6032,10.0000
02-02-2015,-,12.2162,15.9590,12.3759,-,11.4162,13.6106,12.6453,10.0000
31-03-2015,-,12.3268,15.4345,12.3806,-,11.6208,13.2506,12.6520,10.0000
30-03-2015,-,12.3103,15.4360,12.3380,-,11.6024,13.2530,12.6120,10.0000
27-03-2015,-,12.2985,15.1684,12.3105,-,11.5857,13.0299,12.5849,10.0000
26-03-2015,-,12.2989,15.1659,12.2985,-,11.5765,13.0266,12.5721,10.0000
25-03-2015,-,12.2844,15.5087,12.3170,-,11.5890,13.3184,12.5895,10.0000
24-03-2015,-,12.2903,15.5288,12.3386,-,11.5458,13.3355,12.6099,10.0000
23-03-2015,-,12.2865,15.5393,12.3449,-,11.5469,13.3453,12.6162,10.0000
20-03-2015,-,12.2345,15.5761,12.3392,-,11.5388,13.3709,12.6092,10.0000
19-03-2015,-,12.2763,15.6781,12.3377,-,11.5361,13.4474,12.6054,10.0000
18-03-2015,-,12.2408,15.7723,12.3123,-,11.5335,13.5173,12.5818,10.0000
17-03-2015,-,12.2469,15.8395,12.3237,-,11.5308,13.5694,12.5947,10.0000
16-03-2015,-,12.2625,15.6765,12.3060,-,11.5281,13.4417,12.5769,10.0000
13-03-2015,-,12.2637,15.7026,12.3015,-,11.5199,13.4624,12.5711,10.0000
12-03-2015,-,12.2691,15.9337,12.3477,-,11.5172,13.6501,12.6191,10.0000
11-03-2015,-,12.2915,15.7946,12.3274,-,11.5146,13.5361,12.5985,10.0000
10-03-2015,-,12.2962,15.8172,12.3280,-,11.5120,13.5540,12.5993,10.0000
09-03-2015,-,12.2979,15.8977,12.3514,-,11.5093,13.6203,12.6227,10.0000
05-03-2015,-,12.2969,16.2252,12.3749,-,11.4985,13.8953,12.6484,10.0000
04-03-2015,-,12.2959,16.1981,12.4007,-,11.4954,13.8726,12.6719,10.0000
03-03-2015,-,12.2639,16.3311,12.3552,-,11.4927,13.9857,12.6245,10.0000
02-03-2015,-,12.2723,16.2456,12.3720,-,11.4899,13.9110,12.6411,10.0000
30-04-2015,-,12.3889,14.8839,12.3596,-,11.6759,12.7697,12.6266,10.0000
29-04-2015,-,12.4224,14.9907,12.3814,-,11.7130,12.8617,12.6535,10.0000
28-04-2015,-,12.4165,15.0754,12.4087,-,11.7135,12.9244,12.6841,10.0000
27-04-2015,-,12.4105,14.9427,12.4002,-,11.7109,12.8247,12.6733,10.0000
24-04-2015,-,12.4036,15.1086,12.3920,-,11.7030,12.9577,12.6649,10.0000
23-04-2015,-,12.4041,15.2746,12.4119,-,11.7174,13.0919,12.6848,10.0000
22-04-2015,-,12.4027,15.3323,12.4127,-,11.7146,13.1391,12.6855,10.0000
21-04-2015,-,12.3770,15.2347,12.3929,-,11.7089,13.0593,12.6668,10.0000
20-04-2015,-,12.3799,15.3622,12.3824,-,11.7033,13.1664,12.6545,10.0000
17-04-2015,-,12.3901,15.6477,12.3727,-,11.7047,13.4084,12.6462,10.0000
16-04-2015,-,12.3896,15.8307,12.3686,-,11.7005,13.5645,12.6419,10.0000
15-04-2015,-,12.3767,15.9107,12.3719,-,11.6738,13.6329,12.6464,10.0000
13-04-2015,-,12.3777,16.0622,12.3614,-,11.6875,13.7615,12.6353,10.0000
10-04-2015,-,12.3483,15.9650,12.3596,-,11.6482,13.6804,12.6328,10.0000
09-04-2015,-,12.3659,15.9618,12.3698,-,11.6615,13.6771,12.6450,10.0000
08-04-2015,-,12.3471,15.8450,12.3593,-,11.6242,13.5831,12.6326,10.0000
07-04-2015,-,12.3575,15.7456,12.3655,-,11.6373,13.5038,12.6370,10.0000
06-04-2015,-,12.3888,15.7431,12.4186,-,11.6456,13.5033,12.6906,10.0000
29-05-2015,-,12.4662,15.3656,12.3852,-,11.7734,13.1737,12.6668,10.0000
28-05-2015,-,12.4739,15.1596,12.3651,-,11.7741,12.9965,12.6463,10.0000
27-05-2015,-,12.4491,15.1812,12.3487,-,11.7450,13.0142,12.6294,10.0000
26-05-2015,-,12.4523,15.1879,12.3406,-,11.7511,13.0144,12.6196,10.0000
25-05-2015,-,12.4496,15.2441,12.3558,-,11.7445,13.0598,12.6369,10.0000
22-05-2015,-,12.4391,15.4058,12.3527,-,11.7347,13.1929,12.6352,10.0000
21-05-2015,-,12.4375,15.3377,12.3443,-,11.7340,13.1395,12.6245,10.0000
20-05-2015,-,12.4318,15.3401,12.3494,-,11.7300,13.1428,12.6326,10.0000
19-05-2015,-,12.4051,15.2356,12.3375,-,11.7131,13.0569,12.6238,10.0000
18-05-2015,-,12.3816,15.2520,12.2877,-,11.6882,13.0691,12.5716,10.0000
15-05-2015,-,12.3701,15.0496,12.2593,-,11.6639,12.8985,12.5368,10.0000
14-05-2015,-,12.3489,14.9809,12.2724,-,11.6517,12.8405,12.5473,10.0000
13-05-2015,-,12.3432,15.0012,12.2641,-,11.6436,12.8565,12.5376,10.0000
12-05-2015,-,12.3795,14.8027,12.2680,-,11.7135,12.6889,12.5384,10.0000
11-05-2015,-,12.3630,15.1559,12.3006,-,11.6699,12.9962,12.5790,10.0000
08-05-2015,-,12.3470,14.9114,12.2403,-,11.6550,12.7859,12.5116,10.0000
07-05-2015,-,12.3377,14.6585,12.2642,-,11.6536,12.5674,12.5181,10.0000
06-05-2015,-,12.3688,14.7318,12.3332,-,11.6603,12.6422,12.6027,10.0000
05-05-2015,-,12.3909,15.1428,12.3781,-,11.6885,12.9930,12.6449,10.0000
30-06-2015,-,12.4355,15.3075,12.2629,-,11.7302,13.1011,12.5382,10.0000
29-06-2015,-,12.4219,15.2169,12.2331,-,11.7239,13.0231,12.5106,10.0000
26-06-2015,-,12.4407,15.3309,12.2643,-,11.7408,13.1193,12.5461,10.0000
25-06-2015,-,12.4652,15.3616,12.2584,-,11.7646,13.1429,12.5373,10.0000
24-06-2015,-,12.4753,15.2949,12.2916,-,11.7855,13.0893,12.5690,10.0000
23-06-2015,-,12.4836,15.3310,12.3255,-,11.7579,13.1192,12.6120,10.0000
22-06-2015,-,12.5028,15.2800,12.3290,-,11.7906,13.0781,12.6151,10.0000
19-06-2015,-,12.5029,15.0451,12.3388,-,11.7824,12.8918,12.6253,10.0000
18-06-2015,-,12.4938,14.9525,12.2727,-,11.7842,12.8170,12.5620,10.0000
17-06-2015,-,12.4429,14.8048,12.1981,-,11.7242,12.6968,12.4878,10.0000
16-06-2015,-,12.4217,14.7278,12.1562,-,11.7194,12.6325,12.4467,10.0000
15-06-2015,-,12.4206,14.6639,12.1735,-,11.7152,12.5816,12.4597,10.0000
12-06-2015,-,12.3943,14.5940,12.1525,-,11.6825,12.5236,12.4358,10.0000
11-06-2015,-,12.4063,14.5607,12.1729,-,11.6988,12.4972,12.4524,10.0000
10-06-2015,-,12.4316,14.8480,12.2161,-,11.7398,12.7315,12.4999,10.0000
09-06-2015,-,12.4258,14.6637,12.2462,-,11.7254,12.5797,12.5340,10.0000
08-06-2015,-,12.4124,14.7016,12.2250,-,11.7096,12.6109,12.5125,10.0000
05-06-2015,-,12.4171,14.8285,12.2332,-,11.7034,12.7175,12.5199,10.0000
04-06-2015,-,12.4154,14.8512,12.2249,-,11.7088,12.7380,12.5062,10.0000
03-06-2015,-,12.4225,14.8442,12.2787,-,11.7128,12.7328,12.5611,10.0000
02-06-2015,-,12.4668,15.0100,12.3063,-,11.7610,12.8729,12.5866,10.0000
01-06-2015,-,12.4849,15.3694,12.3846,-,11.7906,13.1755,12.6664,10.0000
31-07-2015,-,12.6517,15.6500,12.4309,-,11.9248,13.3801,12.7093,10.0000
30-07-2015,-,12.6376,15.4462,12.4104,-,11.8889,13.2075,12.6890,10.0000
29-07-2015,-,12.6364,15.3619,12.4160,-,11.8989,13.1354,12.6960,10.0000
28-07-2015,-,12.6210,15.2926,12.4146,-,11.8906,13.0768,12.6940,10.0000
27-07-2015,-,12.6067,15.3367,12.3685,-,11.8725,13.1144,12.6461,10.0000
24-07-2015,-,12.6003,15.6296,12.3545,-,11.8723,13.3650,12.6324,10.0000
23-07-2015,-,12.5956,15.7543,12.3592,-,11.8669,13.4692,12.6387,10.0000
22-07-2015,-,12.5909,15.8283,12.3436,-,11.8601,13.5283,12.6220,10.0000
21-07-2015,-,12.5813,15.6384,12.3367,-,11.8553,13.3762,12.6146,10.0000
20-07-2015,-,12.5621,15.7736,12.3398,-,11.8300,13.4854,12.6175,10.0000
17-07-2015,-,12.5502,15.7806,12.3335,-,11.8130,13.4908,12.6131,10.0000
16-07-2015,-,12.5534,15.7781,12.3249,-,11.8229,13.4886,12.6043,10.0000
15-07-2015,-,12.5539,15.6223,12.3255,-,11.8241,13.3624,12.6051,10.0000
14-07-2015,-,12.5343,15.4841,12.3295,-,11.8032,13.2513,12.6096,10.0000
13-07-2015,-,12.5250,15.4939,12.3046,-,11.7930,13.2591,12.5831,10.0000
10-07-2015,-,12.5267,15.3159,12.3675,-,11.7904,13.1114,12.6471,10.0000
09-07-2015,-,12.5249,15.2568,12.3729,-,11.7858,13.0620,12.6521,10.0000
08-07-2015,-,12.5380,15.3111,12.3751,-,11.8066,13.1060,12.6532,10.0000
07-07-2015,-,12.5439,15.5806,12.3645,-,11.8209,13.3292,12.6422,10.0000
06-07-2015,-,12.5322,15.6014,12.3721,-,11.8063,13.3459,12.6515,10.0000
03-07-2015,-,12.5145,15.5268,12.3232,-,11.7864,13.2880,12.6029,10.0000
02-07-2015,-,12.5071,15.4548,12.3069,-,11.7828,13.2265,12.5860,10.0000
01-07-2015,-,12.4705,15.4612,12.2887,-,11.7686,13.2322,12.5668,10.0000
31-08-2015,-,12.7982,14.6345,12.5488,-,12.0609,12.5904,12.8251,10.0000
28-08-2015,-,12.7984,14.6916,12.5448,-,12.0779,12.6368,12.8220,10.0000
27-08-2015,-,12.7895,14.5915,12.5572,-,12.0713,12.5515,12.8345,10.0000
26-08-2015,-,12.7597,14.3030,12.5341,-,12.0418,12.3039,12.8121,10.0000
25-08-2015,-,12.7568,14.4647,12.5032,-,12.0372,12.4430,12.7825,10.0000
24-08-2015,-,12.7322,14.3312,12.4640,-,12.0093,12.3183,12.7402,10.0000
21-08-2015,-,12.7461,15.2259,12.5274,-,12.0238,13.0358,12.8056,10.0000
20-08-2015,-,12.7435,15.3562,12.5505,-,12.0220,13.1435,12.8300,10.0000
19-08-2015,-,12.7059,15.5783,12.5506,-,11.9897,13.3240,12.8306,10.0000
17-08-2015,-,12.7389,15.5452,12.5369,-,12.0174,13.2981,12.8173,10.0000
14-08-2015,-,12.7191,15.6214,12.5299,-,12.0001,13.3583,12.8101,10.0000
13-08-2015,-,12.7133,15.3263,12.5119,-,11.9927,13.1122,12.7931,10.0000
12-08-2015,-,12.7012,15.3133,12.4703,-,11.9803,13.1009,12.7476,10.0000
11-08-2015,-,12.6855,15.5232,12.4659,-,11.9660,13.2737,12.7446,10.0000
10-08-2015,-,12.6880,15.6390,12.4664,-,11.9546,13.3699,12.7444,10.0000
07-08-2015,-,12.6796,15.7099,12.4475,-,11.9489,13.4293,12.7257,10.0000
06-08-2015,-,12.6696,15.7520,12.4449,-,11.9367,13.4642,12.7228,10.0000
05-08-2015,-,12.6622,15.7146,12.4222,-,11.9306,13.4329,12.6999,10.0000
04-08-2015,-,12.6623,15.6213,12.4177,-,11.9294,13.3555,12.6943,10.0000
03-08-2015,-,12.6586,15.6691,12.4426,-,11.9343,13.3961,12.7198,10.0000
30-09-2015,-,12.9652,14.5999,12.8488,-,12.1880,12.5567,13.1267,10.0000
29-09-2015,-,12.9308,14.4036,12.7757,-,12.1853,12.3940,13.0537,10.0000
28-09-2015,-,12.8591,14.3222,12.6854,-,12.1264,12.3253,12.9632,10.0000
24-09-2015,-,12.8483,14.4569,12.6795,-,12.1004,12.4359,12.9577,10.0000
23-09-2015,-,12.8390,14.4204,12.6816,-,12.0910,12.4051,12.9600,10.0000
22-09-2015,-,12.8334,14.3596,12.6789,-,12.0844,12.3539,12.9566,10.0000
21-09-2015,-,12.8321,14.6598,12.6827,-,12.0846,12.6039,12.9620,10.0000
18-09-2015,-,12.8215,14.6687,12.6826,-,12.0740,12.6112,12.9616,10.0000
16-09-2015,-,12.7989,14.5185,12.6234,-,12.0775,12.4851,12.9011,10.0000
15-09-2015,-,12.8069,14.3905,12.6096,-,12.0577,12.3766,12.8891,10.0000
14-09-2015,-,12.7976,14.4695,12.6068,-,12.0501,12.4431,12.8855,10.0000
11-09-2015,-,12.7816,14.3148,12.5832,-,12.0344,12.3197,12.8624,10.0000
10-09-2015,-,12.7784,14.3128,12.5771,-,12.0515,12.3174,12.8562,10.0000
09-09-2015,-,12.7973,14.3686,12.5937,-,12.0677,12.3627,12.8720,10.0000
08-09-2015,-,12.7806,14.1310,12.5792,-,12.0287,12.1697,12.8550,10.0000
07-09-2015,-,12.7801,13.8940,12.5593,-,12.0283,11.9770,12.8358,10.0000
04-09-2015,-,12.7878,14.0660,12.5731,-,12.0414,12.1194,12.8516,10.0000
03-09-2015,-,12.7908,14.3719,12.5872,-,12.0518,12.3733,12.8650,10.0000
02-09-2015,-,12.8189,14.1743,12.5832,-,12.0777,12.2107,12.8591,10.0000
01-09-2015,-,12.8084,14.3029,12.5757,-,12.0790,12.3148,12.8522,10.0000
30-10-2015,-,13.0795,14.8254,12.8605,-,12.2973,12.7408,13.1350,10.0000
29-10-2015,-,13.0803,14.8892,12.8676,-,12.2968,12.7933,13.1420,10.0000
28-10-2015,-,13.1051,14.9988,12.8853,-,12.3074,12.8874,13.1613,10.0000
27-10-2015,-,13.0979,15.1208,12.8824,-,12.3072,12.9941,13.1575,10.0000
26-10-2015,-,13.1029,15.1582,12.8758,-,12.3163,13.0253,13.1520,10.0000
23-10-2015,-,13.0779,15.2255,12.8911,-,12.2898,13.0838,13.1664,10.0000
21-10-2015,-,13.0739,15.1529,12.8926,-,12.2851,13.0262,13.1678,10.0000
20-10-2015,-,13.0681,15.1727,12.8919,-,12.2826,13.0417,13.1669,10.0000
19-10-2015,-,13.0714,15.1971,12.8841,-,12.2793,13.0625,13.1603,10.0000
16-10-2015,-,13.0522,15.1310,12.8833,-,12.2672,13.0058,13.1596,10.0000
15-10-2015,-,13.0263,15.0158,12.8856,-,12.2482,12.9095,13.1618,10.0000
14-10-2015,-,13.0295,14.8845,12.8796,-,12.2553,12.8012,13.1545,10.0000
13-10-2015,-,13.0287,14.9290,12.8766,-,12.2527,12.8378,13.1514,10.0000
12-10-2015,-,13.0314,14.9506,12.8702,-,12.2515,12.8558,13.1442,10.0000
09-10-2015,-,13.0267,15.0294,12.8951,-,12.2458,12.9201,13.1683,10.0000
08-10-2015,-,13.0133,14.9195,12.8833,-,12.2326,12.8262,13.1585,10.0000
07-10-2015,-,13.0090,15.0116,12.8673,-,12.2332,12.8976,13.1422,10.0000
06-10-2015,-,12.9867,14.9702,12.8736,-,12.2103,12.8620,13.1497,10.0000
05-10-2015,-,13.0006,14.9063,12.8821,-,12.2321,12.8108,13.1593,10.0000
01-10-2015,-,12.9761,14.6053,12.8338,-,12.1972,12.5616,13.1105,10.0000
30-11-2015,-,13.1030,14.6098,12.7930,-,12.3196,12.5562,13.0692,10.0000
27-11-2015,-,13.1114,14.6186,12.7996,-,12.3185,12.5648,13.0749,10.0000
26-11-2015,-,13.1145,14.5052,12.8283,-,12.3151,12.4693,13.1034,10.0000
24-11-2015,-,13.1219,14.4141,12.8355,-,12.3363,12.3896,13.1098,10.0000
23-11-2015,-,13.1117,14.4520,12.8210,-,12.3226,12.4222,13.0975,10.0000
20-11-2015,-,13.1143,14.4614,12.8304,-,12.3184,12.4300,13.1054,10.0000
19-11-2015,-,13.1171,14.4363,12.8571,-,12.3244,12.4083,13.1318,10.0000
18-11-2015,-,13.1094,14.2424,12.8571,-,12.3189,12.2388,13.1317,10.0000
17-11-2015,-,13.1130,14.4272,12.8615,-,12.3218,12.4023,13.1359,10.0000
16-11-2015,-,13.0898,14.3741,12.8700,-,12.3088,12.3580,13.1447,10.0000
13-11-2015,-,13.1055,14.2957,12.8690,-,12.3122,12.2930,13.1437,10.0000
10-11-2015,-,13.0856,14.3223,12.8330,-,12.2931,12.3169,13.1064,10.0000
09-11-2015,-,13.0770,14.5553,12.8105,-,12.2852,12.5122,13.0836,10.0000
06-11-2015,-,13.0947,14.6137,12.8472,-,12.3086,12.5614,13.1216,10.0000
05-11-2015,-,13.1009,14.6218,12.8469,-,12.3141,12.5686,13.1215,10.0000
04-11-2015,-,13.1043,14.7863,12.8659,-,12.3044,12.7067,13.1415,10.0000
03-11-2015,-,13.1065,14.8247,12.8804,-,12.3146,12.7392,13.1550,10.0000
02-11-2015,-,13.1112,14.8075,12.8807,-,12.3168,12.7247,13.1549,10.0000
31-12-2015,-,13.1290,14.6210,12.8002,-,12.3472,12.5599,13.0818,10.0000
30-12-2015,-,13.1328,14.5404,12.7926,-,12.3486,12.4948,13.0784,10.0000
29-12-2015,-,13.1356,14.5942,12.7882,-,12.3603,12.5406,13.0734,10.0000
28-12-2015,-,13.1112,14.5841,12.8022,-,12.3328,12.5329,13.0875,10.0000
23-12-2015,-,13.0924,14.4801,12.7992,-,12.3067,12.4469,13.0856,10.0000
22-12-2015,-,13.1030,14.3371,12.7795,-,12.3167,12.3254,13.0626,10.0000
21-12-2015,-,13.1186,14.4158,12.7703,-,12.3284,12.3918,13.0533,10.0000
18-12-2015,-,13.1082,14.2776,12.7908,-,12.3208,12.2717,13.0725,10.0000
17-12-2015,-,13.1073,14.4087,12.8212,-,12.3167,12.3839,13.1038,10.0000
16-12-2015,-,13.0893,14.2369,12.8123,-,12.3022,12.2398,13.0945,10.0000
15-12-2015,-,13.0823,14.1544,12.7751,-,12.2988,12.1653,13.0571,10.0000
14-12-2015,-,13.1049,14.0601,12.7630,-,12.3183,12.0867,13.0438,10.0000
11-12-2015,-,13.0982,13.9935,12.7976,-,12.3053,12.0302,13.0783,10.0000
10-12-2015,-,13.1025,14.1343,12.7807,-,12.3190,12.1495,13.0595,10.0000
09-12-2015,-,13.0783,14.0142,12.7847,-,12.2909,12.0529,13.0613,10.0000
08-12-2015,-,13.1139,14.1915,12.7819,-,12.3223,12.1987,13.0602,10.0000
07-12-2015,-,13.1215,14.3080,12.8063,-,12.3297,12.2967,13.0854,10.0000
04-12-2015,-,13.1221,14.3361,12.7957,-,12.3280,12.3222,13.0751,10.0000
03-12-2015,-,13.1491,14.4802,12.8390,-,12.3646,12.4458,13.1193,10.0000
02-12-2015,-,13.1231,14.6058,12.8152,-,12.3288,12.5549,13.0918,10.0000
01-12-2015,-,13.1105,14.6461,12.8212,-,12.3158,12.5877,13.0992,10.0000
29-01-2016,-,13.2362,13.8429,12.7774,-,12.4233,11.9145,13.0568,10.0000
28-01-2016,-,13.2339,13.5955,12.7798,-,12.4376,11.7021,13.0608,10.0000
27-01-2016,-,13.2007,13.6224,12.8013,-,12.4047,11.7267,13.0826,10.0000
25-01-2016,-,13.2225,13.6097,12.7904,-,12.4255,11.7153,13.0702,10.0000
22-01-2016,-,13.2132,13.5898,12.8130,-,12.4229,11.6977,13.0948,10.0000
21-01-2016,-,13.1965,13.3104,12.8379,-,12.4103,11.4544,13.1214,10.0000
20-01-2016,-,13.1886,13.3717,12.7876,-,12.4081,11.5064,13.0700,10.0000
19-01-2016,-,13.1840,13.6125,12.7652,-,12.3829,11.7072,13.0466,10.0000
18-01-2016,-,13.1750,13.4625,12.7549,-,12.3809,11.5793,13.0336,10.0000
15-01-2016,-,13.1824,13.6339,12.7597,-,12.3810,11.7249,13.0379,10.0000
14-01-2016,-,13.1770,13.8547,12.8000,-,12.3905,11.9140,13.0800,10.0000
13-01-2016,-,13.1959,13.9172,12.8201,-,12.3962,11.9670,13.1026,10.0000
12-01-2016,-,13.1926,13.8462,12.8357,-,12.4136,11.9062,13.1198,10.0000
11-01-2016,-,13.2108,13.9448,12.8428,-,12.4074,11.9905,13.1256,10.0000
08-01-2016,-,13.1985,14.0214,12.8459,-,12.3975,12.0528,13.1287,10.0000
07-01-2016,-,13.1888,13.9503,12.8394,-,12.4011,11.9937,13.1228,10.0000
06-01-2016,-,13.1810,14.2911,12.8301,-,12.3871,12.2757,13.1154,10.0000
05-01-2016,-,13.1796,14.3756,12.8309,-,12.3935,12.3456,13.1140,10.0000
04-01-2016,-,13.1689,14.3703,12.8172,-,12.3773,12.3420,13.1014,10.0000
01-01-2016,-,13.1473,14.6658,12.8121,-,12.3678,12.5965,13.0934,10.0000
29-02-2016,-,13.1636,12.8022,12.8070,-,12.3648,11.0306,13.0948,10.0000
26-02-2016,-,13.1222,12.8598,12.6299,-,12.3374,11.0782,12.9056,10.0000
25-02-2016,-,13.1092,12.7527,12.5839,-,12.3312,10.9822,12.8563,10.0000
24-02-2016,-,13.1401,12.8625,12.6296,-,12.3413,11.0742,12.9046,10.0000
23-02-2016,-,13.1334,13.0234,12.6463,-,12.3371,11.2129,12.9210,10.0000
22-02-2016,-,13.1653,13.2565,12.6955,-,12.3736,11.4076,12.9704,10.0000
18-02-2016,-,13.1692,13.1693,12.7150,-,12.3832,11.3354,12.9925,10.0000
17-02-2016,-,13.1612,13.0237,12.7037,-,12.3752,11.2120,12.9808,10.0000
16-02-2016,-,13.1823,12.9207,12.7210,-,12.3854,11.1259,12.9996,10.0000
15-02-2016,-,13.1786,13.1618,12.7514,-,12.3913,11.3329,13.0299,10.0000
12-02-2016,-,13.1812,12.7723,12.7611,-,12.4039,11.0025,13.0404,10.0000
11-02-2016,-,13.1771,12.7637,12.7642,-,12.3903,10.9969,13.0443,10.0000
10-02-2016,-,13.1772,13.1901,12.7623,-,12.3987,11.3662,13.0426,10.0000
09-02-2016,-,13.1765,13.3427,12.7645,-,12.3768,11.4988,13.0465,10.0000
08-02-2016,-,13.1768,13.5174,12.7670,-,12.3948,11.6471,13.0507,10.0000
05-02-2016,-,13.1670,13.6803,12.7653,-,12.3730,11.7846,13.0496,10.0000
04-02-2016,-,13.1646,13.4985,12.7428,-,12.3726,11.6287,13.0251,10.0000
03-02-2016,-,13.1770,13.4355,12.7264,-,12.3805,11.5734,13.0073,10.0000
02-02-2016,-,13.2035,13.6061,12.7344,-,12.4043,11.7177,13.0162,10.0000
01-02-2016,-,13.2237,13.8156,12.7780,-,12.4278,11.8929,13.0579,10.0000
31-03-2016,-,13.4613,14.2812,13.2193,-,12.6596,12.3003,13.5155,10.0000
30-03-2016,-,13.4507,14.2656,13.1804,-,12.6551,12.2872,13.4735,10.0000
29-03-2016,-,13.4500,13.9845,13.1807,-,12.6411,12.0445,13.4732,10.0000
28-03-2016,-,13.4440,13.9980,13.2018,-,12.6331,12.0579,13.4924,10.0000
23-03-2016,-,13.4395,14.2001,13.1569,-,12.6386,12.2333,13.4492,10.0000
22-03-2016,-,13.4400,14.1923,13.1668,-,12.6286,12.2277,13.4583,10.0000
21-03-2016,-,13.3945,14.1825,13.1782,-,12.5915,12.2129,13.4693,10.0000
18-03-2016,-,13.3794,13.9970,13.0700,-,12.5731,12.0541,13.3590,10.0000
17-03-2016,-,13.3344,13.8375,13.0476,-,12.5516,11.9159,13.3347,10.0000
16-03-2016,-,13.3149,13.7802,12.9726,-,12.5148,11.8691,13.2577,10.0000
15-03-2016,-,13.2982,13.7304,12.9379,-,12.4972,11.8202,13.2227,10.0000
14-03-2016,-,13.2731,13.8520,12.9055,-,12.4714,11.9243,13.1887,10.0000
11-03-2016,-,13.2681,13.7791,12.8599,-,12.4689,11.8623,13.1428,10.0000
10-03-2016,-,13.2564,13.7418,12.8606,-,12.4598,11.8325,13.1426,10.0000
09-03-2016,-,13.2537,13.8335,12.8524,-,12.4573,11.9090,13.1340,10.0000
08-03-2016,-,13.2468,13.7396,12.8526,-,12.4541,11.8296,13.1363,10.0000
04-03-2016,-,13.2043,13.7497,12.8384,-,12.4111,11.8385,13.1237,10.0000
03-03-2016,-,13.2074,13.7084,12.8076,-,12.4096,11.8045,13.0940,10.0000
02-03-2016,-,13.2019,13.5333,12.8205,-,12.4027,11.6543,13.1097,10.0000
01-03-2016,-,13.1788,13.2540,12.8202,-,12.3806,11.4178,13.1108,10.0000
29-04-2016,-,13.6572,14.5424,13.3810,-,12.8369,12.5178,13.6836,10.0000
28-04-2016,-,13.6564,14.5349,13.3702,-,12.8323,12.5121,13.6709,10.0000
27-04-2016,-,13.6557,14.7578,13.3691,-,12.8355,12.7021,13.6697,10.0000
26-04-2016,-,13.6491,14.7333,13.3668,-,12.8279,12.6823,13.6659,10.0000
25-04-2016,-,13.6517,14.5409,13.3738,-,12.8316,12.5162,13.6675,10.0000
22-04-2016,-,13.6452,14.6146,13.3904,-,12.8226,12.5816,13.6877,10.0000
21-04-2016,-,13.6450,14.6204,13.3711,-,12.8180,12.5883,13.6692,10.0000
20-04-2016,-,13.6541,14.6174,13.3934,-,12.8317,12.5833,13.6948,10.0000
18-04-2016,-,13.6573,14.6201,13.3932,-,12.8338,12.5851,13.6940,10.0000
13-04-2016,-,13.6356,14.5122,13.3707,-,12.8159,12.4921,13.6716,10.0000
12-04-2016,-,13.6424,14.2656,13.4044,-,12.8267,12.2748,13.7034,10.0000
11-04-2016,-,13.6171,14.1867,13.3817,-,12.8032,12.2074,13.6814,10.0000
07-04-2016,-,13.5943,13.9545,13.3415,-,12.7816,12.0125,13.6383,10.0000
06-04-2016,-,13.5889,14.0540,13.2746,-,12.7751,12.1023,13.5726,10.0000
05-04-2016,-,13.5891,14.0274,13.2695,-,12.7704,12.0789,13.5662,10.0000
04-04-2016,-,13.5316,14.3242,13.2556,-,12.7169,12.3360,13.5516,10.0000
31-05-2016,-,13.7266,15.0681,13.4664,-,12.9065,12.9824,13.7694,10.0000
30-05-2016,-,13.7235,15.0977,13.4668,-,12.9092,13.0076,13.7703,10.0000
27-05-2016,-,13.7221,15.0098,13.4459,-,12.8999,12.9317,13.7480,10.0000
26-05-2016,-,13.7170,14.8523,13.4455,-,12.8906,12.7915,13.7489,10.0000
25-05-2016,-,13.7051,14.6078,13.4428,-,12.8863,12.5773,13.7465,10.0000
24-05-2016,-,13.7093,14.3028,13.4416,-,12.8878,12.3120,13.7449,10.0000
23-05-2016,-,13.7112,14.2773,13.4397,-,12.8845,12.2886,13.7432,10.0000
20-05-2016,-,13.6998,14.3023,13.4234,-,12.8736,12.3116,13.7264,10.0000
19-05-2016,-,13.6967,14.3715,13.4276,-,12.8708,12.3721,13.7294,10.0000
18-05-2016,-,13.7021,14.5293,13.4230,-,12.8774,12.5123,13.7243,10.0000
17-05-2016,-,13.7014,14.5434,13.4324,-,12.8766,12.5241,13.7337,10.0000
16-05-2016,-,13.6971,14.5045,13.4310,-,12.8755,12.4868,13.7327,10.0000
13-05-2016,-,13.6913,14.4551,13.4269,-,12.8691,12.4445,13.7288,10.0000
12-05-2016,-,13.6941,14.6037,13.4360,-,12.8705,12.5739,13.7379,10.0000
11-05-2016,-,13.6878,14.4959,13.4241,-,12.8620,12.4832,13.7236,10.0000
10-05-2016,-,13.6863,14.5467,13.4205,-,12.8594,12.5269,13.7213,10.0000
09-05-2016,-,13.6720,14.5130,13.4165,-,12.8445,12.4974,13.7170,10.0000
06-05-2016,-,13.6810,14.2984,13.3995,-,12.8529,12.3106,13.7014,10.0000
05-05-2016,-,13.6722,14.2848,13.4003,-,12.8479,12.2967,13.7017,10.0000
04-05-2016,-,13.6771,14.2598,13.4012,-,12.8506,12.2720,13.7039,10.0000
03-05-2016,-,13.6754,14.3870,13.3892,-,12.8494,12.3825,13.6885,10.0000
02-05-2016,-,13.6668,14.5180,13.3975,-,12.8419,12.4984,13.6987,10.0000
30-06-2016,-,13.8312,15.4371,13.6885,-,13.0012,13.3086,13.9935,10.0000
29-06-2016,-,13.8103,15.2723,13.6899,-,12.9832,13.1646,13.9962,10.0000
28-06-2016,-,13.8050,15.1458,13.6501,-,12.9741,13.0534,13.9555,10.0000
27-06-2016,-,13.7931,15.0869,13.6161,-,12.9619,13.0030,13.9215,10.0000
24-06-2016,-,13.7816,15.0399,13.5639,-,12.9550,12.9632,13.8678,10.0000
23-06-2016,-,13.7790,15.3472,13.5421,-,12.9529,13.2248,13.8467,10.0000
22-06-2016,-,13.7782,15.2263,13.5397,-,12.9488,13.1231,13.8443,10.0000
21-06-2016,-,13.7731,15.2633,13.5218,-,12.9429,13.1522,13.8264,10.0000
20-06-2016,-,13.7644,15.2857,13.5118,-,12.9302,13.1750,13.8170,10.0000
17-06-2016,-,13.7592,15.1562,13.5065,-,12.9327,13.0672,13.8102,10.0000
16-06-2016,-,13.7615,15.1269,13.5020,-,12.9336,13.0385,13.8060,10.0000
15-06-2016,-,13.7575,15.2350,13.4944,-,12.9278,13.1271,13.7982,10.0000
14-06-2016,-,13.7682,15.0645,13.4877,-,12.9379,12.9802,13.7912,10.0000
13-06-2016,-,13.7683,15.0555,13.4790,-,12.9404,12.9711,13.7823,10.0000
10-06-2016,-,13.7635,15.1535,13.4928,-,12.9119,13.0586,13.7970,10.0000
09-06-2016,-,13.7587,15.2157,13.4894,-,12.9292,13.1134,13.7935,10.0000
08-06-2016,-,13.7320,15.3063,13.4846,-,12.9109,13.1936,13.7881,10.0000
07-06-2016,-,13.7415,15.2810,13.4901,-,12.9208,13.1694,13.7941,10.0000
06-06-2016,-,13.7421,15.1540,13.4924,-,12.9177,13.0584,13.7977,10.0000
03-06-2016,-,13.7268,15.1890,13.4728,-,12.9020,13.0893,13.7766,10.0000
02-06-2016,-,13.7273,15.1688,13.4665,-,12.9018,13.0720,13.7702,10.0000
01-06-2016,-,13.7295,15.0864,13.4523,-,12.9168,12.9986,13.7546,10.0000
29-07-2016,-,14.1621,16.1473,14.2281,-,13.3226,13.9390,14.5467,10.0000
28-07-2016,-,14.1389,16.1698,14.1982,-,13.3022,13.9609,14.5161,10.0000
27-07-2016,-,14.0951,16.0813,14.0811,-,13.2531,13.8844,14.3955,10.0000
26-07-2016,-,14.0869,16.0334,14.0689,-,13.2410,13.8446,14.3849,10.0000
25-07-2016,-,14.0735,16.0997,14.0493,-,13.2338,13.9033,14.3633,10.0000
22-07-2016,-,14.0650,15.9273,14.0158,-,13.2265,13.7526,14.3308,10.0000
21-07-2016,-,14.0516,15.8485,13.9897,-,13.2174,13.6821,14.3049,10.0000
20-07-2016,-,14.0413,15.9348,13.9637,-,13.2119,13.7556,14.2776,10.0000
19-07-2016,-,14.0280,15.8688,13.9299,-,13.1926,13.6965,14.2433,10.0000
18-07-2016,-,14.0137,15.8361,13.9075,-,13.1745,13.6682,14.2172,10.0000
15-07-2016,-,14.0025,15.8900,13.9142,-,13.1697,13.7206,14.2252,10.0000
14-07-2016,-,13.9904,15.9675,13.8914,-,13.1598,13.7837,14.2021,10.0000
13-07-2016,-,13.9617,15.8873,13.8928,-,13.1285,13.7152,14.2027,10.0000
12-07-2016,-,13.9483,15.8950,13.8480,-,13.1147,13.7183,14.1559,10.0000
11-07-2016,-,13.9287,15.7981,13.7902,-,13.0983,13.6337,14.0988,10.0000
08-07-2016,-,13.9109,15.5327,13.7827,-,13.0797,13.4084,14.0904,10.0000
07-07-2016,-,13.9068,15.5350,13.7717,-,13.0744,13.4109,14.0788,10.0000
05-07-2016,-,13.8803,15.5571,13.7482,-,13.0524,13.4284,14.0557,10.0000
04-07-2016,-,13.8613,15.6280,13.7232,-,13.0229,13.4814,14.0302,10.0000
01-07-2016,-,13.8514,15.5622,13.7174,-,13.0203,13.4178,14.0235,10.0000
31-08-2016,-,14.3873,16.5798,14.5098,-,13.5354,14.3200,14.8339,10.0000
30-08-2016,-,14.3829,16.4797,14.4964,-,13.5326,14.2369,14.8232,10.0000
29-08-2016,-,14.3590,16.2587,14.4603,-,13.5098,14.0479,14.7880,10.0000
26-08-2016,-,14.3517,16.1836,14.4492,-,13.4988,13.9829,14.7759,10.0000
25-08-2016,-,14.3306,16.2160,14.4433,-,13.4714,14.0098,14.7700,10.0000
24-08-2016,-,14.3007,16.2970,14.4300,-,13.4498,14.0827,14.7524,10.0000
23-08-2016,-,14.3091,16.2563,14.3966,-,13.4495,14.0468,14.7147,10.0000
22-08-2016,-,14.3085,16.2633,14.3935,-,13.4573,14.0524,14.7111,10.0000
19-08-2016,-,14.3127,16.3396,14.4429,-,13.4602,14.1199,14.7612,10.0000
18-08-2016,-,14.3072,16.3237,14.4207,-,13.4606,14.1055,14.7345,10.0000
16-08-2016,-,14.3276,16.2342,14.4742,-,13.4902,14.0248,14.7925,10.0000
12-08-2016,-,14.3250,16.2342,14.4805,-,13.4875,14.0244,14.8014,10.0000
11-08-2016,-,14.2956,16.0828,14.4774,-,13.4617,13.8884,14.8013,10.0000
10-08-2016,-,14.2950,16.0584,14.4253,-,13.4604,13.8668,14.7487,10.0000
09-08-2016,-,14.2522,16.2467,14.3637,-,13.4127,14.0305,14.6858,10.0000
08-08-2016,-,14.2035,16.2902,14.2837,-,13.3665,14.0726,14.5997,10.0000
05-08-2016,-,14.2003,16.2411,14.2759,-,13.3605,14.0250,14.5922,10.0000
04-08-2016,-,14.1838,15.9723,14.2468,-,13.3454,13.7889,14.5625,10.0000
03-08-2016,-,14.1695,15.9564,14.2272,-,13.3338,13.7740,14.5411,10.0000
02-08-2016,-,14.1915,16.1431,14.2582,-,13.3487,13.9361,14.5745,10.0000
01-08-2016,-,14.1912,16.1610,14.2926,-,13.3488,13.9543,14.6099,10.0000
30-09-2016,-,14.5840,16.3194,14.6975,-,13.7393,14.1038,15.0261,10.0000
29-09-2016,-,14.5636,16.2376,14.6721,-,13.7096,14.0332,14.9957,10.0000
28-09-2016,-,14.5856,16.5525,14.7499,-,13.7343,14.3034,15.0815,10.0000
27-09-2016,-,14.5737,16.4639,14.7387,-,13.7265,14.2253,15.0688,10.0000
26-09-2016,-,14.5701,16.5142,14.7227,-,13.7187,14.2668,15.0541,10.0000
23-09-2016,-,14.5810,16.6903,14.6665,-,13.7253,14.4212,14.9972,10.0000
22-09-2016,-,14.5416,16.7573,14.6364,-,13.6877,14.4787,14.9647,10.0000
21-09-2016,-,14.4818,16.5787,14.5647,-,13.6300,14.3237,14.8875,10.0000
20-09-2016,-,14.5052,16.5931,14.5472,-,13.6470,14.3357,14.8673,10.0000
19-09-2016,-,14.4940,16.6529,14.5592,-,13.6487,14.3898,14.8830,10.0000
16-09-2016,-,14.4827,16.5890,14.5583,-,13.6332,14.3336,14.8833,10.0000
15-09-2016,-,14.4879,16.5372,14.5562,-,13.6366,14.2870,14.8835,10.0000
14-09-2016,-,14.4586,16.5344,14.5468,-,13.6149,14.2831,14.8720,10.0000
12-09-2016,-,14.4784,16.4636,14.5532,-,13.6264,14.2230,14.8789,10.0000
09-09-2016,-,14.4739,16.7894,14.5866,-,13.6271,14.5036,14.9133,10.0000
08-09-2016,-,14.4381,16.9469,14.5839,-,13.5866,14.6401,14.9145,10.0000
07-09-2016,-,14.4530,16.8918,14.5855,-,13.6007,14.5911,14.9142,10.0000
06-09-2016,-,14.4242,16.9035,14.5229,-,13.5705,14.5982,14.8469,10.0000
02-09-2016,-,14.4023,16.6436,14.4974,-,13.5498,14.3750,14.8203,10.0000
01-09-2016,-,14.3949,16.5691,14.5032,-,13.5418,14.3102,14.8259,10.0000
28-10-2016,10.0115,14.6907,16.5300,14.7594,10.0000,13.8369,14.2928,15.0891,10.0000
27-10-2016,10.0101,14.6952,16.4635,14.7598,10.0000,13.8309,14.2365,15.0898,10.0000
26-10-2016,10.0084,14.6983,16.5344,14.7727,10.0000,13.8409,14.2960,15.1045,10.0000
25-10-2016,10.0065,14.6983,16.6589,14.7603,10.0000,13.8393,14.4051,15.0909,10.0000
24-10-2016,10.0053,14.6917,16.6597,14.7805,10.0000,13.8417,14.4053,15.1116,10.0000
21-10-2016,10.0000,14.6811,16.6245,14.7621,10.0000,13.8272,14.3737,15.0927,10.0000
20-10-2016,10.0000,14.6935,16.5982,14.7528,10.0000,13.8349,14.3499,15.0837,10.0000
19-10-2016,10.0000,14.7026,16.5248,14.7638,10.0000,13.8437,14.2852,15.0957,10.0000
18-10-2016,10.0000,14.6883,16.5501,14.7624,10.0000,13.8374,14.3075,15.0938,10.0000
17-10-2016,10.0000,14.6874,16.2733,14.7464,10.0000,13.8293,14.0622,15.0766,10.0000
14-10-2016,10.0000,14.6945,16.3786,14.7390,10.0000,13.8330,14.1509,15.0698,10.0000
13-10-2016,10.0000,14.7244,16.3327,14.7813,10.0000,13.8709,14.1124,15.1120,10.0000
10-10-2016,10.0000,14.7355,16.5441,14.8032,10.0000,13.8790,14.2945,15.1373,10.0000
07-10-2016,-,14.6995,16.5254,14.7742,-,13.8562,14.2791,15.1054,10.0000
06-10-2016,-,14.7275,16.5380,14.7980,-,13.8753,14.2895,15.1332,10.0000
05-10-2016,-,14.6915,16.6130,14.8278,-,13.8389,14.3543,15.1633,10.0000
04-10-2016,-,14.6434,16.6479,14.7810,-,13.7894,14.3856,15.1158,10.0000
03-10-2016,-,14.6307,16.5977,14.7551,-,13.7776,14.3423,15.0874,10.0000
30-11-2016,10.0672,15.0678,15.7508,15.5461,10.0025,14.2217,13.6193,15.9143,10.0000
29-11-2016,10.0650,15.0597,15.5764,15.4612,10.0010,14.2125,13.4693,15.8263,10.0000
28-11-2016,10.0639,15.0779,15.5432,15.4861,10.0000,14.2284,13.4409,15.8495,10.0000
25-11-2016,10.0570,15.1115,15.2552,15.6015,10.0000,14.2672,13.1887,15.9730,10.0000
24-11-2016,10.0570,15.1115,15.2552,15.6015,10.0000,14.2672,13.1887,15.9730,10.0000
23-11-2016,10.0553,15.0764,15.3721,15.4606,10.0000,14.2292,13.2895,15.8136,10.0000
22-11-2016,10.0533,15.0367,15.3054,15.3463,10.0000,14.2031,13.2325,15.6961,10.0000
21-11-2016,10.0513,15.0465,15.1528,15.3211,10.0000,14.1993,13.0977,15.6754,10.0000
18-11-2016,10.0459,14.9876,15.4759,15.1637,10.0000,14.1373,13.3770,15.5113,10.0000
17-11-2016,10.0439,15.0031,15.4629,15.1666,10.0000,14.1508,13.3669,15.5168,10.0000
16-11-2016,10.0420,14.9836,15.5031,15.1681,10.0000,14.1473,13.4003,15.5121,10.0000
15-11-2016,10.0405,14.8771,15.4896,15.0572,10.0000,14.0203,13.3846,15.4120,10.0000
11-11-2016,10.0348,14.7991,15.8996,14.8582,10.0000,13.9423,13.7417,15.1944,10.0000
10-11-2016,10.0333,14.7901,16.3728,14.8977,10.0000,13.9335,14.1545,15.2403,10.0000
08-11-2016,10.0301,14.6783,16.3615,14.7501,10.0000,13.8358,14.1472,15.0762,10.0000
07-11-2016,10.0282,14.7003,16.2763,14.7338,10.0000,13.8454,14.0719,15.0558,10.0000
04-11-2016,10.0228,14.6958,16.1508,14.7179,10.0000,13.8436,13.9639,15.0406,10.0000
03-11-2016,10.0209,14.6997,16.2468,14.7539,10.0000,13.8465,14.0482,15.0843,10.0000
02-11-2016,10.0191,14.7007,16.3080,14.7503,10.0000,13.8501,14.1035,15.0793,10.0000
01-11-2016,10.0176,14.6998,16.5106,14.7535,10.0000,13.8465,14.2785,15.0852,10.0000
30-12-2016,10.1188,14.8796,15.5891,14.9577,10.0445,14.0421,13.4836,15.2947,10.0000
29-12-2016,10.1171,14.8469,15.4388,14.9210,10.0429,14.0087,13.3520,15.2577,10.0000
28-12-2016,10.1153,14.8056,15.3147,14.8638,10.0417,13.9653,13.2459,15.1931,10.0000
27-12-2016,10.1135,14.8552,15.3137,14.8663,10.0405,14.0046,13.2439,15.1951,10.0000
26-12-2016,10.1118,14.8976,15.0691,14.9084,10.0393,14.0568,13.0332,15.2343,10.0000
23-12-2016,10.1067,14.8985,15.2341,14.9617,10.0358,14.0561,13.1753,15.2907,10.0000
22-12-2016,10.1049,14.8865,15.2508,15.0209,10.0346,14.0518,13.1890,15.3551,10.0000
21-12-2016,10.1031,14.9246,15.4129,15.0664,10.0332,14.0900,13.3291,15.4027,10.0000
20-12-2016,10.1013,14.9158,15.4419,15.0576,10.0317,14.0734,13.3542,15.3937,10.0000
19-12-2016,10.0996,14.8724,15.4867,15.0464,10.0302,14.0382,13.3934,15.3825,10.0000
16-12-2016,10.0941,14.8835,15.5496,15.0595,10.0255,14.0405,13.4473,15.3952,10.0000
15-12-2016,10.0923,14.8968,15.5826,15.0570,10.0238,14.0496,13.4765,15.3927,10.0000
14-12-2016,10.0905,14.9245,15.6163,15.1845,10.0221,14.0801,13.5053,15.5285,10.0000
13-12-2016,10.0888,14.9073,15.6895,15.2144,10.0204,14.0604,13.5682,15.5640,10.0000
09-12-2016,10.0815,14.9034,15.8276,15.2295,10.0135,14.0538,13.6880,15.5765,10.0000
08-12-2016,10.0797,14.9076,15.7825,15.2713,10.0117,14.0564,13.6480,15.6215,10.0000
07-12-2016,10.0793,14.9493,15.5082,15.3313,10.0114,14.1121,13.4079,15.6849,10.0000
06-12-2016,10.0776,15.1096,15.5828,15.5196,10.0097,14.2606,13.4733,15.8871,10.0000
05-12-2016,10.0758,15.0947,15.5665,15.5275,10.0079,14.2580,13.4603,15.8966,10.0000
02-12-2016,10.0709,15.0592,15.4522,15.5177,10.0054,14.2197,13.3601,15.8876,10.0000
01-12-2016,10.0691,15.0854,15.6594,15.5699,10.0040,14.2362,13.5409,15.9406,10.0000
31-01-2017,10.1775,15.1120,16.4153,15.1012,10.0983,14.2528,14.1808,15.4404,10.0000
30-01-2017,10.1756,15.0883,16.5542,15.1057,10.0965,14.2356,14.2995,15.4447,10.0000
27-01-2017,10.1703,15.1108,16.5769,15.1016,10.0913,14.2551,14.3184,15.4423,10.0000
25-01-2017,10.1665,15.1020,16.5277,15.0983,10.0876,14.2449,14.2732,15.4401,10.0000
24-01-2017,10.1647,15.0825,16.2826,15.0924,10.0858,14.1980,14.0629,15.4309,10.0000
23-01-2017,10.1628,15.0924,16.1487,15.0921,10.0840,14.2396,13.9496,15.4348,10.0000
20-01-2017,10.1576,15.0790,16.0529,15.0832,10.0794,14.2254,13.8687,15.4242,10.0000
19-01-2017,10.1558,15.0650,16.2339,15.0896,10.0778,14.2125,14.0274,15.4335,10.0000
18-01-2017,10.1540,15.0521,16.1902,15.1050,10.0762,14.2100,13.9903,15.4481,10.0000
17-01-2017,10.1522,15.0534,16.1289,15.1283,10.0745,14.2085,13.9379,15.4735,10.0000
16-01-2017,10.1504,15.0492,16.1460,15.1178,10.0727,14.1967,13.9521,15.4603,10.0000
13-01-2017,10.1450,15.0721,16.1095,15.1300,10.0679,14.2172,13.9227,15.4750,10.0000
12-01-2017,10.1432,15.0355,16.1427,15.1355,10.0662,14.1955,13.9506,15.4831,10.0000
11-01-2017,10.1414,15.0659,16.0920,15.1140,10.0645,14.2118,13.9046,15.4602,10.0000
10-01-2017,10.1397,15.0502,15.8931,15.1336,10.0628,14.2012,13.7332,15.4815,10.0000
09-01-2017,10.1380,15.0604,15.7842,15.1433,10.0614,14.2092,13.6421,15.4907,10.0000
06-01-2017,10.1325,15.0432,15.7923,15.1629,10.0568,14.1912,13.6492,15.5133,10.0000
05-01-2017,10.1307,15.0417,15.8576,15.1813,10.0551,14.1916,13.7070,15.5342,10.0000
04-01-2017,10.1290,15.0254,15.6658,15.1896,10.0534,14.1791,13.5418,15.5426,10.0000
03-01-2017,10.1270,15.0193,15.6818,15.1363,10.0519,14.1696,13.5570,15.4856,10.0000
02-01-2017,10.1250,14.9665,15.6339,15.1542,10.0503,14.1151,13.5162,15.5064,10.0000
28-02-2017,10.2287,14.9185,16.9663,14.6181,10.1475,14.0488,14.6503,14.9229,10.0000
27-02-2017,10.2268,14.9238,16.9821,14.6183,10.1456,14.0629,14.6649,14.9230,10.0000
23-02-2017,10.2196,14.9076,17.0850,14.5842,10.1385,14.0540,14.7551,14.8845,10.0000
22-02-2017,10.2176,14.9189,17.0536,14.5802,10.1366,14.0615,14.7269,14.8791,10.0000
20-02-2017,10.2140,14.9279,16.9976,14.6127,10.1332,14.0690,14.6833,14.9155,10.0000
17-02-2017,10.2085,14.9437,16.8882,14.6468,10.1279,14.0802,14.5894,14.9557,10.0000
16-02-2017,10.2067,14.9555,16.8130,14.6450,10.1262,14.0959,14.5282,14.9465,10.0000
15-02-2017,10.2048,14.9438,16.6832,14.6171,10.1243,14.0904,14.4148,14.9209,10.0000
14-02-2017,10.2029,14.9396,16.8460,14.6059,10.1226,14.0888,14.5526,14.9097,10.0000
13-02-2017,10.2011,14.9419,16.9319,14.6581,10.1208,14.0936,14.6254,14.9638,10.0000
10-02-2017,10.1956,14.9327,16.9030,14.6587,10.1154,14.0838,14.6028,14.9633,10.0000
09-02-2017,10.1938,14.9024,16.8949,14.6208,10.1136,14.0503,14.5951,14.9301,10.0000
08-02-2017,10.1921,14.9746,16.8789,14.8006,10.1121,14.1183,14.5814,15.1233,10.0000
07-02-2017,10.1903,15.1531,16.8724,15.1216,10.1104,14.2940,14.5780,15.4615,10.0000
06-02-2017,10.1884,15.1352,16.9222,15.1220,10.1086,14.2810,14.6186,15.4629,10.0000
03-02-2017,10.1831,15.1377,16.8028,15.1218,10.1036,14.2761,14.5159,15.4641,10.0000
02-02-2017,10.1813,15.1266,16.7997,15.1307,10.1019,14.2497,14.5134,15.4726,10.0000
01-02-2017,10.1793,15.0890,16.7550,15.1065,10.0999,14.2331,14.4725,15.4472,10.0000
31-03-2017,10.2853,15.1039,17.5602,14.8365,10.2027,14.2209,15.1671,15.1528,10.0000
30-03-2017,10.2834,15.0794,17.5212,14.8331,10.2008,14.1979,15.1359,15.1480,10.0000
29-03-2017,10.2818,15.0243,17.4719,14.8180,10.1992,14.1504,15.0956,15.1304,10.0000
27-03-2017,10.2783,15.0232,17.3380,14.8344,10.1959,14.1419,14.9818,15.1511,10.0000
24-03-2017,10.2730,14.9836,17.4418,14.7276,10.1906,14.1075,15.0650,15.0353,10.0000
23-03-2017,10.2712,14.9768,17.3728,14.7067,10.1889,14.1079,15.0036,15.0125,10.0000
22-03-2017,10.2692,14.9453,17.2556,14.6988,10.1869,14.0751,14.9029,15.0036,10.0000
21-03-2017,10.2673,14.9058,17.4209,14.6256,10.1851,14.0401,15.0481,14.9210,10.0000
20-03-2017,10.2655,14.9022,17.4442,14.6066,10.1833,14.0337,15.0665,14.9033,10.0000
17-03-2017,10.2599,14.8918,17.5108,14.6060,10.1779,14.0230,15.1231,14.9006,10.0000
16-03-2017,10.2580,14.8920,17.5120,14.6129,10.1760,14.0210,15.1206,14.9078,10.0000
15-03-2017,10.2560,14.8510,17.3836,14.5868,10.1740,13.9936,15.0069,14.8759,10.0000
14-03-2017,10.2541,14.8269,17.3799,14.5180,10.1722,13.9633,15.0040,14.8049,10.0000
10-03-2017,10.2471,14.8337,17.0667,14.4976,10.1653,13.9662,14.7340,14.7837,10.0000
09-03-2017,10.2452,14.8400,17.0569,14.5712,10.1634,13.9755,14.7263,14.8716,10.0000
08-03-2017,10.2434,14.8730,17.0395,14.5713,10.1617,14.0085,14.7090,14.8733,10.0000
07-03-2017,10.2416,14.8900,17.0800,14.5710,10.1599,14.0186,14.7435,14.8710,10.0000
06-03-2017,10.2399,14.8963,17.1162,14.5740,10.1582,14.0349,14.7763,14.8733,10.0000
03-03-2017,10.2342,14.8952,16.9766,14.6153,10.1529,14.0289,14.6577,14.9168,10.0000
02-03-2017,10.2324,14.9034,16.9764,14.5845,10.1510,14.0398,14.6609,14.8847,10.0000
01-03-2017,10.2306,14.9087,17.0779,14.5576,10.1493,14.0448,14.7488,14.8583,10.0000
28-04-2017,10.3387,15.1068,17.8828,14.7981,10.2552,14.2389,15.4391,15.1042,10.0000
27-04-2017,10.3369,15.0857,17.9210,14.8109,10.2534,14.2240,15.4724,15.1163,10.0000
26-04-2017,10.3351,15.0840,17.9211,14.8093,10.2517,14.2177,15.4738,15.1158,10.0000
25-04-2017,10.3333,15.1246,17.8605,14.8405,10.2499,14.2517,15.4169,15.1522,10.0000
24-04-2017,10.3315,15.1166,17.6772,14.8106,10.2481,14.2465,15.2584,15.1184,10.0000
21-04-2017,10.3260,15.1159,17.5105,14.7901,10.2427,14.2319,15.1126,15.0957,10.0000
20-04-2017,10.3242,15.1310,17.5642,14.8266,10.2409,14.2636,15.1647,15.1349,10.0000
19-04-2017,10.3224,15.1173,17.5278,14.8197,10.2391,14.2434,15.1311,15.1296,10.0000
18-04-2017,10.3206,15.1039,17.5368,14.8021,10.2374,14.2301,15.1376,15.1160,10.0000
17-04-2017,10.3188,15.1111,17.6154,14.8028,10.2356,14.2335,15.2042,15.1156,10.0000
13-04-2017,10.3115,15.1100,17.6364,14.8094,10.2284,14.2341,15.2230,15.1215,10.0000
12-04-2017,10.3097,15.0822,17.7434,14.7709,10.2266,14.2117,15.3155,15.0778,10.0000
11-04-2017,10.3078,15.0569,17.7988,14.7445,10.2247,14.1839,15.3650,15.0529,10.0000
10-04-2017,10.3059,15.0585,17.6920,14.7055,10.2229,14.1858,15.2701,15.0127,10.0000
07-04-2017,10.3006,15.0322,17.6777,14.6982,10.2177,14.1662,15.2566,15.0039,10.0000
06-04-2017,10.2989,15.0659,17.8049,14.7139,10.2160,14.1855,15.3693,15.0223,10.0000
05-04-2017,10.2970,15.1000,17.8088,14.8249,10.2142,14.2249,15.3739,15.1330,10.0000
03-04-2017,10.2933,15.1012,17.6820,14.8279,10.2105,14.2213,15.2668,15.1402,10.0000
